Search Keyword,Job ID,Job Title,Company,City,Country,Min Exp (Years),Max Exp (Years),Salary Currency,Min Salary,Max Salary,Skills,Posted Date,Status,Is Hot
Data Analyst,13496ed8-7027-4e4c-80f7-ee37dba5d182,Data Analyst,J&T Cargo Indonesia (PT Global Yimi Cargo),,Indonesia,1,3,,,,"Analytical Skills, Chinese-Indonesian Translation, Data Analysis, Chinese Language, Chinese-English Translation, Microsoft Excel, Communication Skills",2026-08-12T08:03:22.347Z,OPEN,False
Data Analyst,5fd09fe3-602e-422b-944e-df8baa7114cc,DATA ANALYST,Bantu Teman Indonesia,,Indonesia,1,3,IDR,2500000,3500000,"Microsoft SQL Server, Power BI, Microsoft Excel, SQL, Statistics, Tableau, Data Analysis, Data Visualization, Python, Redis",2026-08-18T05:58:18.5Z,OPEN,False
Data Analyst,5a9d35c0-8102-406d-b927-4e5ceb93037b,DATA ANALYST,Sandimas Group,,Indonesia,1,3,,,,"SQL, Redis, Microsoft SQL Server, Data Visualization, Data Analysis, Power BI, Statistics, Microsoft Excel, Tableau, Python",2026-08-14T03:10:56.745Z,OPEN,False
Data Analyst,aa07c9b6-2ee9-4dcc-bbbc-64ff0734a98f,Data Analyst,PT Sigma Global Teknologi,,Indonesia,3,5,IDR,8000000,12000000,"Python, Google Analytics, Power BI, Adobe Analytics, Looker Studio, Business Intelligence, Tableau, Google Ads, SQL, Firebase, Cloud Computing",2026-08-13T04:28:06.928Z,OPEN,False
Data Analyst,f9875d53-a1b7-468e-93ef-28bd14792600,Data Analyst,Kayoman Group,,Indonesia,1,3,IDR,2600000,2800000,"Tableau, Data Cleaning, SQL, Data Collection, Oracle Database, Microsoft Excel, Google Sheets, Communication Skills, Analytical Skills, Data Analysis",2026-08-11T01:58:45.054Z,OPEN,False
Data Analyst,a0726783-7124-4916-8797-52a6bee58e07,Data Analyst,Nusantara Sakti Group,,Indonesia,1,3,IDR,7000000,10000000,"Tableau, Power BI, Microsoft SQL Server, Data Visualization, Data Analysis, Statistics, Python, Microsoft Excel, SQL, Redis",2026-07-01T10:36:53.75Z,OPEN,False
Data Analyst,9a6f1864-e2a3-4916-b072-9160edcb851f,Data Analyst,Nusantara Sakti Group,,Indonesia,1,3,IDR,7000000,10000000,"Microsoft Excel, Tableau, Microsoft SQL Server, Statistics, Python, Power BI, Data Analysis, Redis, SQL, Data Visualization",2026-07-01T10:19:51.427Z,OPEN,False
Data Analyst,83646d04-555d-4520-b5cf-0f69830483eb,Data Analyst,PT Transkom Integrasi Mandiri,,Indonesia,1,3,,,,"Microsoft Excel, Data analysis, Power BI, Data Analytics, SQL",2026-07-20T02:09:00.173Z,OPEN,False
Data Analyst,115e890d-b25a-470d-b154-130a79f0316a,Data Analyst,Indonesia Global Solusindo,,Indonesia,1,3,,,,"Data Analysis, Tableau, Microsoft SQL Server, SQL, Microsoft Excel, Python, Power BI",2026-05-21T08:19:15.48Z,OPEN,False
Data Analyst,1453cabe-fe8d-4c6b-8fca-84a067cc92e5,Data Analyst,PT MYPULSA PAYMENT INDONESIA,,Indonesia,0,50,IDR,2500000,3000000,"Google Sheets, Data Analysis, Microsoft Excel",2026-08-16T07:37:40.005Z,OPEN,False
Data Analyst,15d2b90d-4dc3-48fe-b2f6-576819230c0e,Data Analyst,Lozy,,Indonesia,1,3,,,,"Microsoft Excel, SQL, Data Analysis, Data Visualization",2026-07-20T08:02:56.116Z,OPEN,False
Data Analyst,1044d610-2431-4566-a300-1457279365e4,Data Analyst,PT Fan Integrasi Teknologi,,Indonesia,3,5,,,,"Power BI, Python, Microsoft Excel, Tableau, SQL, Data Visualization, Statistics, Redis, Microsoft SQL Server, Data Analysis",2026-08-07T08:24:41.358Z,OPEN,False
Data Analyst,496696d8-fb75-4b82-a0e9-59f1c6efee61,Data Analyst,PT Redpod Indonesia,Jakarta Utara,Indonesia,1,3,,,,"Python, SQL, Microsoft Excel, Project Management, Teamwork, Data analysis, Data Management, Power BI",2025-08-18T11:11:24.412Z,OPEN,False
Data Analyst,427fafa6-1271-4585-9070-3a92dd8deaab,Data Analyst,Nusantara Sakti Group,,Indonesia,1,3,IDR,7000000,10000000,"Data Visualization, SQL, Tableau, Python, Redis, Power BI, Statistics, Data Analysis, Microsoft SQL Server, Microsoft Excel",2026-07-01T10:34:18.748Z,OPEN,False
Data Analyst,7b2b1e05-06d5-4d88-8ce0-578a548db819,Data Analyst,PT. Berlian Sistem Informasi,,Indonesia,3,5,,,,"Data Visualization, Data Analysis, Microsoft Excel, Power BI, SQL",2026-07-23T01:09:01.248Z,OPEN,False
Data Analyst,aa03028b-0ee7-40d5-9268-e07bdbb25a69,Data Analyst,Agile Advertising,,Indonesia,1,3,IDR,6000000,7000000,"Tableau, Microsoft Excel, Microsoft SQL Server, SQL, Redis, Data Analysis, Power BI, Data Visualization, Statistics, Python",2026-08-07T06:59:42.886Z,OPEN,False
Data Analyst,a24d9fd2-08c2-4a3f-a87a-ce2b60e3ca40,Data Analyst,Pt Kreator Solusi Informasi,,Indonesia,1,3,IDR,6000000,8000000,"Data Integration, Microsoft SQL Server, Data Engineering, Data Analysis, Power BI, Odoo, Database Systems, Tableau",2026-08-05T07:53:34.171Z,OPEN,False
Data Analyst,eed8c137-5efe-4cc4-b549-08ffdd8d266a,Data Analyst,PT Arkstarindo Artha Makmur,,Indonesia,0,1,IDR,5500000,5700000,"Analytical Thinking, Statistics, Microsoft Excel, Tableau, SQL, Redis, Microsoft SQL Server, Communication Skills, Data Analysis, critical thinking, Power BI, Teamwork, Python",2026-08-04T02:29:41.414Z,OPEN,False
Data Analyst,2ff8b7b2-055f-48c9-bae4-27580e108b20,Data Analyst,PT. Ciptasarana Kreasindo Sejahtera,,Indonesia,0,1,IDR,5000000,6000000,"Data Analysis, JavaScript, Power BI, Data Visualization, Database",2026-08-03T07:01:46.574Z,OPEN,False
Data Analyst,bec4c4f5-0ce3-4384-80bb-5bf175bbdbf2,Data Analyst,IYKRA (PT Pusat Inovasi Nusantara),,Indonesia,1,3,IDR,7000000,8000000,"SQL, Data Analysis, Tableau",2026-07-28T02:33:33.93Z,OPEN,False
Data Analyst,75825fec-ca5a-4b18-98f8-b47614feb03e,Senior Data Analyst,PT Sigma Global Teknologi,,Indonesia,5,10,,,,"Data Visualization, Statistics, Power BI, Redis, Microsoft Excel, Python, Data Analysis, Microsoft SQL Server, Tableau, SQL",2026-07-24T10:08:06.381Z,OPEN,False
Data Analyst,2d7dd979-522b-44c0-adf6-a758923033f4,Senior Data Analyst,PT. WINOD RITEL INDONESIA,,Indonesia,1,3,IDR,7000000,7500000,"Power BI, SQL, Microsoft SQL Server, Data Visualization, Tableau, Python, Data Analysis, Microsoft Excel, Redis, Statistics",2026-08-05T09:11:06.175Z,OPEN,False
Data Analyst,de0ea7dc-5299-4bba-97e0-441df8d029c4,Data Migration Analyst,PT Pasti Makmur Abadi,,Indonesia,1,3,IDR,5500000,5700000,"Microsoft Dynamics 365, Data Migration, SQL, Microsoft Excel, ERP Software, Data Visualization, Data Analysis",2026-07-29T04:07:50.616Z,OPEN,False
Data Analyst,7b47b80c-906c-4886-bdc0-e5a7e2bccd98,Data Analyst Support,Lawencon International,,Indonesia,1,3,,,,"SSRS, Microsoft SQL Server, SQL, Power BI, Python, Tableau, Data Analysis, Data Visualization",2026-08-07T03:27:07.726Z,OPEN,False
Data Analyst,c0ba6247-b4e7-4238-9bbe-22b790636724,Marketing Data Analyst,PT Capella Dinamik Nusantara,,Indonesia,0,1,,,,"Power BI, Data Visualization, Data Analysis, Tableau, Statistics, Microsoft Excel",2026-04-07T02:58:34.385Z,OPEN,False
Data Analyst,aec23d97-2f07-459c-9ccc-43c7f56e6962,Senior Data Analyst,PT Sigma Global Teknologi,,Indonesia,5,10,IDR,12000000,13000000,"Google Cloud Platform, Power BI, SQL, Apache Spark, Data Modeling, Python",2026-07-22T07:05:43.594Z,OPEN,False
Data Analyst,fe368217-feae-40c2-9d57-5b70fffa2e65,Senior Data Analyst,Foodizz,,Indonesia,5,10,,,,"Financial Analysis, Financial Management, Data Analysis, Financial Planning, Microsoft Excel, Statistics",2026-06-10T07:53:36.316Z,OPEN,False
Data Analyst,7a8b57fa-e194-4925-affb-2a6aa5e9bff2,Data Control Analyst,TobeTeam,,Indonesia,1,3,IDR,5000000,7000000,"Microsoft SQL Server, Microsoft Excel, Redis, SQL, Python, Data Analysis, Power BI, Statistics, Data Visualization, Tableau",2026-07-29T08:31:04.137Z,OPEN,False
Data Analyst,8026aa6f-d928-40ac-97bc-4249ab67346f,Inventory Data Analyst,CV Dinamika Artha Persada,,Indonesia,1,3,IDR,5000000,7000000,"Data Analytics, Marketing Analytics, Visualisasi Data",2026-07-29T01:44:18.352Z,OPEN,False
Data Analyst,bb083fb6-9c4f-411d-af86-1a59f9906d6c,Data Analyst FMCG,PT Global Sarana Sukses,,Indonesia,3,5,IDR,5700000,5730000,"Administration, Google Docs, Organizational Skills, Microsoft Outlook, Customer Service, Google Sheets, Microsoft Excel, Data Entry, Microsoft Office, Office Administration",2026-08-19T02:43:41.043Z,OPEN,False
Data Scientist,b77c34a5-0d11-41f5-9018-15e24050f4bd,Data Scientist,CV PLUS LESTARI RAKYAT,,Indonesia,1,3,IDR,5000000,7500000,"MongoDB, Artificial Intelligence, Natural Language Processing (NLP), Statistics, Data Modeling, Deep Learning, Machine Learning, Microsoft SQL Server, Redis, Python",2026-08-04T04:23:11.925Z,OPEN,False
Data Scientist,bcf07a0a-0d70-46c7-a8ed-2fa4cc6f084e,Data Scientist,PT. Indonesia Satu Sarana,,Indonesia,3,5,IDR,7000000,18000000,"MySQL, Docker, Jenkins, gRPC, Amazon Web Services (AWS), Kubernetes, SQL",2026-06-13T05:07:41.671Z,OPEN,False
Data Scientist,39e4afc5-fe58-4df2-b754-5ffe111c2afe,Data Scientist,Talentive Consulting Indonesia,,Indonesia,3,5,,,,"Python, Credit Risk, SQL, Machine Learning, Artificial Intelligence",2026-08-06T02:40:50.687Z,OPEN,False
Data Scientist,b3513c58-a830-4c86-aa48-0cdc624a7e51,Data Scientist,PT. Quad Sinergi Teknologi,,Indonesia,1,3,IDR,8000000,10000000,"Deep Learning, Microsoft SQL Server, Statistics, MongoDB, Redis, Python, Machine Learning, Artificial Intelligence, Data Modeling, Natural Language Processing (NLP)",2026-08-11T07:28:05.581Z,OPEN,False
Data Scientist,d68e0ffc-5e69-4510-920d-c63a51b8cdc9,Data Scientist,PT. Nawa Data Solutions,,Indonesia,5,10,IDR,8000000,12000000,"Deep Learning, Python, MongoDB, Machine Learning, Redis, Statistics, Artificial Intelligence, Microsoft SQL Server, Data Modeling, Natural Language Processing (NLP)",2026-08-05T07:36:45.534Z,OPEN,False
Data Scientist,a5380a82-0dac-44ef-8d39-1c6627aede24,Data Scientist,Dnalytics Consulting,,Indonesia,3,5,IDR,1000000,1000001,"Data Modeling, Problem Solving, Machine Learning",2026-02-26T10:31:47.844Z,OPEN,False
Data Scientist,78d294f5-0e74-471f-9429-1da7c97f0512,Data Scientist,Yasa Nusa Talenta,,Indonesia,1,3,IDR,10000000,12000000,"Python, Data Modeling, MongoDB, Machine Learning, Natural Language Processing (NLP), Redis, Artificial Intelligence, Statistics, Microsoft SQL Server, Deep Learning",2026-07-21T01:14:39.051Z,OPEN,False
Data Scientist,dbc565bb-3d4c-4601-8844-07b0be57c40c,Data Scientist Support,Lawencon International,,Indonesia,1,3,,,,"Python, Data Analysis, Power BI, SQL, Impala, Kafka, Data Visualization, Microsoft SQL Server, Hive",2026-08-07T03:15:00.111Z,OPEN,False
Data Scientist,46bb0188-7fa0-4b5d-887a-2373249a7f32,Data Scientist - Freelance,Solutionlabs Grup Indonesia,,Indonesia,1,3,IDR,2000000,3000000,"Artificial Intelligence, Natural Language Processing (NLP), Statistics, Microsoft SQL Server, Machine Learning, MongoDB, Redis, Deep Learning, Data Modeling, Python",2026-08-10T04:18:34.741Z,OPEN,False
Data Scientist,d0dfdd6a-0f4b-425a-81a1-de8232a788b3,Data Scientist Network Operation Team,PT Lotus Lestari Raya,,Indonesia,1,3,IDR,5500000,5700000,"Telecommunications, Administrative Support, Python, Data Management, Microsoft Excel, Data Analysis",2026-08-12T06:46:04.177Z,OPEN,False
Data Scientist,2594f60c-1951-4a4b-8f99-8fbb9526c3ae,Flavor R&D Scientist,Bénbérg Arôme Indonesia,,Indonesia,1,3,IDR,5200000,5500000,"Laboratory Skills, Beverage R&D, Laboratory Testing, Food Packaging, Research and Development (R&D), Health/Functional Beverage R&D, Food Nutrition",2026-08-10T01:42:22.748Z,OPEN,False
Data Scientist,13496ed8-7027-4e4c-80f7-ee37dba5d182,Data Analyst,J&T Cargo Indonesia (PT Global Yimi Cargo),,Indonesia,1,3,,,,"Analytical Skills, Chinese-Indonesian Translation, Data Analysis, Chinese Language, Chinese-English Translation, Microsoft Excel, Communication Skills",2026-08-12T08:03:22.347Z,OPEN,False
Data Scientist,5fd09fe3-602e-422b-944e-df8baa7114cc,DATA ANALYST,Bantu Teman Indonesia,,Indonesia,1,3,IDR,2500000,3500000,"Microsoft SQL Server, Power BI, Microsoft Excel, SQL, Statistics, Tableau, Data Analysis, Data Visualization, Python, Redis",2026-08-18T05:58:18.5Z,OPEN,False
Data Scientist,a61e38ce-e913-4c38-8d34-40304ff9de71,Data Quality,PT Sigma Global Teknologi,,Indonesia,3,5,IDR,10000000,11000000,"Microsoft Excel, Microsoft SQL Server, Statistics, Data Analysis, Data Visualization, Python, Redis, Tableau, SQL",2026-08-18T02:55:07.836Z,OPEN,False
Data Scientist,5a9d35c0-8102-406d-b927-4e5ceb93037b,DATA ANALYST,Sandimas Group,,Indonesia,1,3,,,,"SQL, Redis, Microsoft SQL Server, Data Visualization, Data Analysis, Power BI, Statistics, Microsoft Excel, Tableau, Python",2026-08-14T03:10:56.745Z,OPEN,False
Data Scientist,aa07c9b6-2ee9-4dcc-bbbc-64ff0734a98f,Data Analyst,PT Sigma Global Teknologi,,Indonesia,3,5,IDR,8000000,12000000,"Python, Google Analytics, Power BI, Adobe Analytics, Looker Studio, Business Intelligence, Tableau, Google Ads, SQL, Firebase, Cloud Computing",2026-08-13T04:28:06.928Z,OPEN,False
Data Scientist,bfb850d3-9bf4-483f-8b6d-901aafa65c61,Data Engineer,PT NUSA CITRA KELOLA,,Indonesia,1,3,IDR,8200000,12300000,"Data Engineering, Python, ETL, Hadoop, Data Migration, Microsoft SQL Server, Oracle Database, PostgreSQL, Data Integration, Banking / Financial Services, SQL, Data Processing",2026-08-12T12:16:54.089Z,OPEN,False
Data Scientist,f9875d53-a1b7-468e-93ef-28bd14792600,Data Analyst,Kayoman Group,,Indonesia,1,3,IDR,2600000,2800000,"Tableau, Data Cleaning, SQL, Data Collection, Oracle Database, Microsoft Excel, Google Sheets, Communication Skills, Analytical Skills, Data Analysis",2026-08-11T01:58:45.054Z,OPEN,False
Data Scientist,2259e530-15b8-4bcf-ab27-41d11b10a08a,Data Analis,PT Plexus Distribusi Modern,,Indonesia,3,5,IDR,6000000,7000000,"Data analysis, Spreadsheet, Miscrosoft Ecxcel, Data Analytics, Power BI, Microsoft Excel, SQL",2026-07-15T08:17:53.587Z,OPEN,False
Data Scientist,a68bb8ef-c538-4257-8aff-ae25ec212795,Data Engineer,PT Sigma Global Teknologi,,Indonesia,3,5,IDR,8000000,10500000,"Data Visualization, Python, MySQL, Extract, Transform, Load (ETL), Amazon Web Services (AWS)",2026-08-10T09:04:53.326Z,OPEN,False
Data Scientist,28ec5f87-4e8a-4713-8232-82ea5ce27b1d,Data Scienstist,PT Neural Technologies Indonesia (Official),,Indonesia,1,3,,,,"Analytical Skills, Python, Communication, Machine Learning, Exploratory Data Analysis (EDA), Data Visualization, Predictive Analytics, Data Analysis, SQL",2026-07-16T03:39:29.834Z,OPEN,False
Data Scientist,c4a6a6af-0b20-4ff4-8045-20217a379f80,Data Analis,Nusantara Sakti Group,,Indonesia,1,3,IDR,5000000,6250000,"Microsoft Excel, Statistics, Data Analysis",2026-08-07T02:32:16.19Z,OPEN,False
Data Scientist,f116550f-83bf-4256-8365-b0b091c101f9,Data Engineer,PT. Cycent Inovasi Kaizen,,Indonesia,5,10,,,,"ETL, AI Systems, Go / Golang, Hadoop, Python, Data Engineering, Data Integration, Redis, Data Processing, Database Systems, MongoDB, Microsoft SQL Server",2026-08-05T06:16:34.816Z,OPEN,False
Data Scientist,a0726783-7124-4916-8797-52a6bee58e07,Data Analyst,Nusantara Sakti Group,,Indonesia,1,3,IDR,7000000,10000000,"Tableau, Power BI, Microsoft SQL Server, Data Visualization, Data Analysis, Statistics, Python, Microsoft Excel, SQL, Redis",2026-07-01T10:36:53.75Z,OPEN,False
Data Scientist,9a6f1864-e2a3-4916-b072-9160edcb851f,Data Analyst,Nusantara Sakti Group,,Indonesia,1,3,IDR,7000000,10000000,"Microsoft Excel, Tableau, Microsoft SQL Server, Statistics, Python, Power BI, Data Analysis, Redis, SQL, Data Visualization",2026-07-01T10:19:51.427Z,OPEN,False
Data Scientist,7e1d155b-13a5-4175-9648-a95e924bab2e,Data Engineer,Skyshi Digital Indonesia,,Indonesia,1,3,IDR,7000000,14000000,"Python, Apache Spark, PostgreSQL, MySQL, SQL, Etl/ Elt Tools",2026-07-28T06:52:02.778Z,OPEN,False
Data Scientist,74fe74bc-f4da-44aa-ac47-38ab197a7822,Data Entry,PT Nafeeza Radhya Bogatama,,Indonesia,1,3,,,,"Google Docs, Microsoft 365, Google Sheets, Database Management, Data Entry, Microsoft Word, Microsoft Office, Administration, Teamwork, Microsoft Excel",2026-07-22T04:49:11.302Z,OPEN,False
Data Scientist,83646d04-555d-4520-b5cf-0f69830483eb,Data Analyst,PT Transkom Integrasi Mandiri,,Indonesia,1,3,,,,"Microsoft Excel, Data analysis, Power BI, Data Analytics, SQL",2026-07-20T02:09:00.173Z,OPEN,False
Data Scientist,127155ae-02a0-4074-b1ac-67ea29d2c54a,Data Engineer,ADI Consulting,,Indonesia,1,3,IDR,7000000,9000000,"Kafka, Extract, Transform, Load (ETL), CDC, MongoDB, Apache Flink, Python, SQL, PENTAHO, Microsoft SQL Server, Apache Spark, SSIS",2026-02-03T10:39:49.812Z,OPEN,False
Data Scientist,115e890d-b25a-470d-b154-130a79f0316a,Data Analyst,Indonesia Global Solusindo,,Indonesia,1,3,,,,"Data Analysis, Tableau, Microsoft SQL Server, SQL, Microsoft Excel, Python, Power BI",2026-05-21T08:19:15.48Z,OPEN,False
Data Engineer,bfb850d3-9bf4-483f-8b6d-901aafa65c61,Data Engineer,PT NUSA CITRA KELOLA,,Indonesia,1,3,IDR,8200000,12300000,"Data Engineering, Python, ETL, Hadoop, Data Migration, Microsoft SQL Server, Oracle Database, PostgreSQL, Data Integration, Banking / Financial Services, SQL, Data Processing",2026-08-12T12:16:54.089Z,OPEN,False
Data Engineer,a68bb8ef-c538-4257-8aff-ae25ec212795,Data Engineer,PT Sigma Global Teknologi,,Indonesia,3,5,IDR,8000000,10500000,"Data Visualization, Python, MySQL, Extract, Transform, Load (ETL), Amazon Web Services (AWS)",2026-08-10T09:04:53.326Z,OPEN,False
Data Engineer,f116550f-83bf-4256-8365-b0b091c101f9,Data Engineer,PT. Cycent Inovasi Kaizen,,Indonesia,5,10,,,,"ETL, AI Systems, Go / Golang, Hadoop, Python, Data Engineering, Data Integration, Redis, Data Processing, Database Systems, MongoDB, Microsoft SQL Server",2026-08-05T06:16:34.816Z,OPEN,False
Data Engineer,7e1d155b-13a5-4175-9648-a95e924bab2e,Data Engineer,Skyshi Digital Indonesia,,Indonesia,1,3,IDR,7000000,14000000,"Python, Apache Spark, PostgreSQL, MySQL, SQL, Etl/ Elt Tools",2026-07-28T06:52:02.778Z,OPEN,False
Data Engineer,127155ae-02a0-4074-b1ac-67ea29d2c54a,Data Engineer,ADI Consulting,,Indonesia,1,3,IDR,7000000,9000000,"Kafka, Extract, Transform, Load (ETL), CDC, MongoDB, Apache Flink, Python, SQL, PENTAHO, Microsoft SQL Server, Apache Spark, SSIS",2026-02-03T10:39:49.812Z,OPEN,False
Data Engineer,d7c1c327-3f14-4ec3-89a3-587347e8437d,Data Engineer,PT. Aigen Global Teknologi,,Indonesia,1,3,,,,"Pentaho, Data Engineering, MongoDB, Data Processing, Python, ETL, Redis, Data Integration, Database Systems, Microsoft SQL Server, Hadoop",2026-06-02T06:50:40.035Z,OPEN,False
Data Engineer,946d1884-90ba-4db9-9cba-4c2129c20b79,Data Engineer,Nodewave Indonesia,,Indonesia,0,1,,,,"Extract, Transform, Load (ETL), Data Infrastructure, Bash, Python, PostgreSQL, Linux, SQL",2026-08-19T06:23:45.578Z,OPEN,False
Data Engineer,12a9b6f5-0086-42c2-beb5-0c3e5eb24e33,Data Engineer,PT Adi Perdana Nusantara,,Indonesia,1,3,IDR,6000000,7500000,"Query, CLOUDERA, Database Systems, Data Engineering, Big Data Development, Google BigQuery, Power BI",2026-08-14T10:17:20.183Z,OPEN,False
Data Engineer,1f6a20e4-2bbf-4498-a5cb-e0e0e16f3e90,Data Engineer,PT Sigma Global Teknologi,,Indonesia,3,5,IDR,9500000,10000000,"Etl, SSIS, SQL",2026-08-06T04:32:50.696Z,OPEN,False
Data Engineer,028a15d1-4ff9-4f6f-a81b-b55a094834f7,Data Engineer,Alfagift - Global Loyalty Indonesia,,Indonesia,1,3,,,,"MongoDB, MySQL, Oracle Database, Python, Cloud Platform System, SQL, ETL, Data Engineering",2026-08-06T09:43:19.772Z,OPEN,False
Data Engineer,f186bbfc-484b-479a-86c3-460f8fbee6d9,Data Engineer,PT Personel Alih Daya Tbk,,Indonesia,1,3,IDR,7000000,10000000,"Hadoop, Microsoft SQL Server, MongoDB, Data Integration, Database Systems, Data Engineering, Redis, Python, Data Processing, ETL",2026-08-13T09:35:25.093Z,OPEN,False
Data Engineer,713a7185-1b6b-497a-9679-20845c862e82,Data Engineer,PT Sigma Global Teknologi,,Indonesia,3,5,IDR,8000000,10500000,"Python, Extract, Transform, Load (ETL), Amazon Web Services (AWS), MySQL, Data Visualization",2026-08-10T07:52:08.048Z,OPEN,False
Data Engineer,34ced09c-780d-455f-9ff4-5531c2462cf8,Data Engineer,PT Solusi Inovasi Selaras,,Indonesia,1,3,,,,"Data Processing, Microsoft SQL Server, Database Systems, ETL, Data Engineering, Data Integration, Python",2026-07-31T03:35:26.717Z,OPEN,False
Data Engineer,4635cc2e-7416-45a2-acc3-a17507cc2cf6,Data Engineer,PT. Deptech Digital Indonesia,,Indonesia,3,5,,,,"Data Processing, Apache Flink, Data Integration, Database Design, Confluence, Python, Database Systems, Data Engineering, Microsoft SQL Server, SQL, ETL, MongoDB, Amazon Web Services (AWS)",2026-08-06T04:37:14.203Z,OPEN,False
Data Engineer,91f3c089-3bb1-448f-99f9-d916a055deca,Data Engineer,Altek Citra Cemerlang,,Indonesia,3,5,,,,"SQL, Oracle Database, ETL, Microsoft SQL Server, Talend",2026-01-17T09:09:16.664Z,OPEN,False
Data Engineer,5c8c1bbc-91f0-4392-aec7-b15baa41ec74,Data Engineer,Transnovasi Bangun Persada,,Indonesia,3,5,,,,"Python, TimescaleDB, Redis, Database Systems, MongoDB, Hadoop, Data Integration, Microsoft SQL Server, ETL, Data Engineering, TypeScript, PostgreSQL, Data Processing",2026-08-04T06:54:29.609Z,OPEN,False
Data Engineer,b2d8eb70-34c2-433a-bc7b-7691a982c556,Data Engineer,PT. Ebdesk Teknologi,,Indonesia,1,3,IDR,6000000,7000000,"Hadoop, Docker, SQL, Java, GIT, Python, Big Data Analysis, Data Engineering, PostgreSQL",2026-07-30T07:51:35.462Z,OPEN,False
Data Engineer,ff1722f9-3bb6-4918-98fc-8f00cf68916a,Data Engineer,Insignia,,Indonesia,3,5,IDR,9000000,12000000,"databricks, Python, Star Schema, MongoDB, ETL, Medallion Architecture, CTAS, Delta Lake, Data Engineering, Data Integration, Amazon Web Services (AWS), Snowflake, Data Migration, Amazon S3, Github, RedShift",2026-07-28T09:58:18.197Z,OPEN,False
Data Engineer,fe8bd692-869f-41f0-8fa9-0760a5919c92,Data Engineer,24slides,,Indonesia,3,5,,,,"Microsoft SQL Server, ETL, Apache Airflow, Data Pipeline, Data Processing, Python, Data Architecture",2026-07-24T10:12:00.42Z,OPEN,False
Data Engineer,c2e9d225-5c47-4b45-a27b-fef42e695bf3,Data Engineer,PT Sigma Global Teknologi,Jakarta Pusat,Indonesia,3,5,IDR,6000000,7700000,"Linux, Data Analytics, Data Engineering, PostgreSQL",2025-02-12T06:17:54.343Z,OPEN,False
Data Engineer,e1381f85-e159-4924-9f82-8d5d7838f782,Data Engineer,PT Achiera Global Utama,,Indonesia,5,10,IDR,12000000,15000000,"Hadoop, Data Processing, Python, ETL, Data Engineering, MongoDB, Data Integration, Microsoft SQL Server, Database Systems, Redis",2026-08-19T06:38:46.948Z,OPEN,False
Data Engineer,a13aa7c7-a806-4c39-a015-ded9843782e3,Data Engineer,Pt Kulego Tiga Kreasi,,Indonesia,3,5,IDR,6400000,9000000,"ETL, Python, Kafka, NoSQL, MongoDB, Microsoft SQL Server",2026-07-17T06:58:22.087Z,OPEN,False
Data Engineer,91573e67-7140-4736-9e4f-5acae7863f0e,Data Engineer,PT TechTiera Services Indonesia,,Indonesia,3,5,IDR,8000000,9000000,"Etl, Tencent, Data Leak, Data Warehouse, Data Engineering",2026-08-10T02:50:39.527Z,OPEN,False
Data Engineer,e2386a2c-59a0-4e01-abcb-ff36cb5b924d,Data Engineer,Pt Kreator Solusi Informasi,,Indonesia,1,3,IDR,6000000,8000000,"Odoo, Data Integration, Data Engineering, Power BI, Python, Microsoft SQL Server, ETL, Ms Power Automate, Database Systems",2026-08-05T06:27:44.809Z,OPEN,False
Data Engineer,6e9c31ae-d5e5-408b-91a6-0ac97743df2d,Data Engineer,PT. Kulego Tiga Kreasi,,Indonesia,3,5,IDR,6800000,10200000,"Apache Flink, Pentaho Debezium, Data Processing, Kettle, Oracle Database, Talend, MongoDB, ETL, Database Systems, Sql  Nosql  Gsql Tg Python Mongodb, Data Integration, Microsoft SQL Server, Kafka, Spark Postgresql",2026-08-03T04:57:36.8Z,OPEN,False
Data Engineer,b3340904-a008-453b-be5a-9163d3d75764,Data Engineer,KBB Automotive,,Indonesia,0,1,IDR,5900000,6500000,"Data Engineering, ETL, Python, Data Processing, Microsoft SQL Server, Data Integration",2026-07-24T03:46:59.95Z,OPEN,False
Data Engineer,ddd16e16-d34c-4938-ad7f-003f23d2f159,Data Engineer,Dikshatek Indonesia,,Indonesia,3,5,IDR,8000000,11000000,"Insurance, PostgreSQL, Data Warehouse, Microsoft SQL Server, Apache Nifi, Extract, Transform, Load (ETL), Microsoft Excel, MySQL",2026-07-21T10:18:46.753Z,OPEN,False
Data Engineer,9468397e-48d0-42da-93e7-0d896fb88000,Data Engineer,PT Data Labs Analytics,,Indonesia,1,3,IDR,5000000,8000000,"Data Pipeline, ETL, Google Cloud Platform, Python, Data Warehouse",2026-07-20T08:10:39.069Z,OPEN,False
Data Engineer,ff6e85c4-1ce3-4150-a5be-6a12c13c35ec,Data Engineer,PT Eternal Kreasi Indonesia,,Indonesia,1,3,IDR,8000000,10000000,"Database Systems, Data Processing, Hadoop, Data Integration, Python, Microsoft SQL Server, Data Engineering, ETL, Redis, MongoDB",2026-08-19T06:16:23.874Z,OPEN,False
Data Engineer,4e617aa0-e26d-46fc-b03b-525540b320f6,Data Engineer,Azura Labs,,Indonesia,3,5,IDR,5000000,10000000,"Data Engineering, Vector Database, SQL, Kafka",2026-08-19T02:45:43.494Z,OPEN,False
Data Analis,2259e530-15b8-4bcf-ab27-41d11b10a08a,Data Analis,PT Plexus Distribusi Modern,,Indonesia,3,5,IDR,6000000,7000000,"Data analysis, Spreadsheet, Miscrosoft Ecxcel, Data Analytics, Power BI, Microsoft Excel, SQL",2026-07-15T08:17:53.587Z,OPEN,False
Data Analis,c4a6a6af-0b20-4ff4-8045-20217a379f80,Data Analis,Nusantara Sakti Group,,Indonesia,1,3,IDR,5000000,6250000,"Microsoft Excel, Statistics, Data Analysis",2026-08-07T02:32:16.19Z,OPEN,False
Data Analis,2bc1c492-2d54-4250-97a7-7e82723a8ad5,Data Analis,CV Enzo Group,,Indonesia,1,3,IDR,3000000,4000000,"Redis, Statistics, Data Visualization, Microsoft SQL Server, Tableau, Microsoft Excel, Python, Power BI, Data Analysis, SQL",2026-08-07T10:21:47.436Z,OPEN,False
Data Analis,5b00fe0b-8361-45ba-96a3-c172162fa27c,Data Analis,PT Agung Putra Niaga Mandiri,,Indonesia,1,3,IDR,3500000,5000000,"Redis, Data Visualization, Python, Microsoft Excel, Data Analysis, SQL, Microsoft SQL Server, Power BI, Organic Farming, Statistics, Agriculture, Tableau",2026-08-14T07:38:31.398Z,OPEN,False
Data Analis,8ef72676-a7ab-40b2-b7bb-b06fad34f6f2,Analis Data,PT NUSA JELITA LESTARI,,Indonesia,0,1,,,,"Microsoft Excel, Data Visualization, Data Analysis, Google Sheets, Statistics",2026-07-04T04:07:42.091Z,OPEN,False
Data Analis,c86ceecc-4f38-4dfe-86c8-7604fe2599b2,Data Analis,PT. Iekimtie Jaya Agung,,Indonesia,1,3,IDR,4500000,5200000,"Tableau, Redis, Python, Microsoft SQL Server, Microsoft Excel, Power BI, Statistics, Data Visualization, SQL, Data Analysis",2026-07-03T06:31:47.341Z,OPEN,False
Data Analis,4699e482-21b8-45d8-85f0-bc131345e4bb,Data Analis,PT. SPEND GROUP INTERNATIONAL,,Indonesia,0,50,,,,"Python, SQL, Microsoft SQL Server, Statistics, Data Analysis, Microsoft Excel",2026-08-10T02:29:03.264Z,OPEN,False
Data Analis,9754a8e0-5bd2-4f91-a318-5bd9d85a783b,Data Analis,PT Inti Nya Group,,Indonesia,0,1,IDR,4500000,6000000,"Teamwork, Analytical Skills, Market Research, Data Analytics, Attention to Detail",2026-08-04T05:26:21.1Z,OPEN,False
Data Analis,47e3bf7d-0215-46c7-8093-a562205bb476,Data Analis,CV Anugerah Pratama,,Indonesia,1,3,IDR,2900000,3200000,"Microsoft Excel, Statistics, Data Analysis",2026-07-31T03:09:46.26Z,OPEN,False
Data Analis,ab189036-8103-49a0-9aa5-77853997e61a,Data Analis,PT Tiga Global Sejahtera,,Indonesia,3,5,IDR,6000000,9000000,"Data Analysis, SQL, Microsoft Excel, Power BI, Tableau, Data Visualization",2026-03-30T06:54:31.625Z,OPEN,False
Data Analis,3cfe098c-b356-47d4-a633-6508f3c1a766,Data Analis,Rumah Sakit Izza Cikampek,,Indonesia,1,3,IDR,2000000,3000000,"Data Visualization, Data Analysis, SQL, Microsoft SQL Server, Tableau, Python, Microsoft Excel, Redis, Power BI, Statistics",2026-08-14T04:43:01.964Z,OPEN,False
Data Analis,d1c660e9-8087-4332-a1b7-4854de13abde,Analis Data Digital,KULINER MERAH PUTIH,,Indonesia,0,1,,,,"Software Technical Support, Statistics, Data Visualization, Data Analysis",2026-08-05T03:21:10.392Z,OPEN,False
Data Analis,6012d28c-4ce7-4cc0-86f9-95392d77cc0e,Data Analis FnB,Terve Chocolate,,Indonesia,1,3,IDR,3000000,5000000,"Data Analysis, Data analysis, Microsoft Excel, Mathematics, Quantitative Research, Data Analytics, Teamwork, Communicative, Statistics",2026-08-18T09:24:44.067Z,OPEN,False
Data Analis,23678c8f-dffa-4837-b8df-5b8d7fd33b37,Admin Data Analis,PT. BATANG ALUM INDUSTRIE,,Indonesia,1,3,IDR,4000000,4500000,"Microsoft Excel, Redis, Data Analysis, Data Visualization, Statistics, SQL, Power BI",2026-08-18T06:52:24.095Z,OPEN,False
Data Analis,cef9fd77-fcf0-4875-a774-8c06ef343209,Staff Data Analis,PT Leuwijaya Utama Textile,,Indonesia,1,3,IDR,4700000,5000000,"SQL, Python, Microsoft SQL Server, Data Visualization, Data Analysis, Power BI, Microsoft Excel",2026-08-10T04:51:33.326Z,OPEN,False
Data Analis,ed4f6baf-f10d-441d-90fb-c43c22ba8e02,Analis Data (PENGELOLA DATA BARANG),Kartika Accessories,,Indonesia,1,3,IDR,2500000,3000000,"Microsoft Office, Data Analytics, Time Management, Teamwork",2026-08-05T04:17:06.568Z,OPEN,False
Data Analis,5f605d55-c707-4140-a9f2-a0f91a48ebee,ADMIN AFFILIATE & ANALIS DATA,PT. SHOLEH KREATIF MARKETING,,Indonesia,1,3,IDR,2000000,2500000,"Organizational Skills, Google Sheets, Google Docs, Administration, Customer Service, Office Administration, Microsoft Outlook, Microsoft Excel, Data Entry, Microsoft Office",2026-07-27T03:06:05.728Z,OPEN,False
Data Analis,6e8e85b0-57c5-4a69-a472-8c87f38497a6,Data Analis & IT Support,Kanda Fabrics,,Indonesia,1,3,IDR,4500000,5000000,"IT Support, SQL, Data Analysis, Microsoft Excel, Oracle ERP, ERP Software",2026-05-22T07:45:01.287Z,OPEN,False
Data Analis,e5882351-88c8-41af-9798-a6567f0da788,Admin Data Analis Promotion,PT. Sakti Pangan Perkasa,,Indonesia,1,3,IDR,2600000,3000000,"Statistics, Mathematics, Microsoft Excel, Data Analysis",2026-08-08T05:15:30.164Z,OPEN,False
Data Analis,74f09879-6ee3-40d7-a7e8-828bfcb515de,Analis Data Digital Online Store Trainee,KULINER MERAH PUTIH,,Indonesia,0,1,,,,"Data Visualization, Data Monitoring, Statistics, Software Technical Support, Data Analysis",2026-08-08T09:50:27.775Z,OPEN,False
Data Analis,0d397a43-7199-4fca-972b-b1766b316f33,Analis Keuangan,PT Hijau Asia Sejahtera,,Indonesia,1,3,IDR,4850000,7275000,"Data Visualization, Microsoft Excel, Tableau, Statistics, Microsoft SQL Server, Power BI, Python, SQL, Redis, Data Analysis",2026-08-06T06:15:56.567Z,OPEN,False
Data Analis,e8ff5269-a227-49ed-92ba-3362d2505e3e,Analis Kredit,PT BPR Karinamas Permai,,Indonesia,1,3,,,,"Analytical Skills, Credit Analysis, Credit Risk, Financial Analysis",2026-04-22T08:50:37.226Z,OPEN,False
Data Analis,04faa7b9-08bf-4e51-a0df-537403404a18,Analis Laboratorium,PT HAVINDO PAKAN OPTIMA,,Indonesia,1,3,,,,"Chemical Analysis, Research and Development (R&D), Sampling, Chemical Testing, Laboratory Testing, Laboratory Department, Laboratory Skills, Laboratory Safety, Sample Preparation, Laboratory Management",2026-07-24T01:36:52.006Z,OPEN,False
Data Analis,ae436a76-f00b-41c0-8c52-aaac30c9db4e,Analis Kimia,CV Saprotan Utama,,Indonesia,0,1,IDR,3000000,3100000,"Chemical Analysis, Chemical Testing, Laboratory Skills, Laboratory Department, Chemical Engineering",2026-06-25T02:47:51.507Z,OPEN,False
Data Analis,73b0f2fe-0e8b-48b7-b601-51fa20284787,Analis Laboratorium,Nuswantoro Manunggal Jati,,Indonesia,1,3,IDR,3000000,,"Laboratory Safety, Sampling, Sample Preparation, Laboratory Department, Research and Development (R&D), Laboratory Testing, Laboratory Skills, Laboratory Management, Chemical Analysis, Chemical Testing",2026-08-04T02:35:23.381Z,OPEN,False
Data Analis,427c7081-81b2-43f6-a31d-82d0c42af3c1,Analis Bisnis,Mitra Langgeng Sejati,,Indonesia,1,3,IDR,5700000,6500000,"SQL, Project Management, Business Intelligence, Stakeholder Management, Business Analysis, Data Analysis, Microsoft Office, Requirements Analysis, Teamwork, Process Improvement",2026-08-06T07:57:27.653Z,OPEN,False
Data Analis,daffc71b-e219-468e-a0d3-73a5536459d0,Analis Laboratorium,PT Bisa Mandiri Strategi Investasi,,Indonesia,1,3,,,,"Laboratory Skills, Research and Development (R&D), Laboratory Testing, Microbiological Testing, Chemical Testing, Sample Preparation, Chemical Analysis, Laboratory Department, Research Skills, Sampling, Laboratory Management, Waste Management, Laboratory Safety",2026-08-06T02:01:05.506Z,OPEN,False
Data Analis,090cf5e7-c6bf-4ddb-b865-4d4fff3b1071,Analis Kredit,PT. BPR Tata Karya Indonesia,,Indonesia,1,3,IDR,3000000,4500000,"Microsoft Office, Teamwork, Microsoft Excel, Banking",2026-08-03T01:30:16.783Z,OPEN,False
Data Analis,1e7badbf-3dff-4dd1-8251-725e1a179540,Analis laboratorium,PT Sadeva Eternabio Persada,,Indonesia,3,5,IDR,3000000,4000000,"Laboratory Testing, Sample Preparation, Sampling, Laboratory Department, Chemical Analysis, Laboratory Safety, Research and Development (R&D), Laboratory Skills, Chemical Testing, Laboratory Management",2026-08-06T06:16:56.51Z,OPEN,False
Data Analis,77ce5f5c-b0c5-4517-9452-323c8367d10b,Analis kimia,PT KORIN LIVING ARTS,,Indonesia,0,1,IDR,3000000,3500000,"Laboratory Skills, General K3, Chemical Testing, Chemical Analysis, Microsoft Office, Teamwork",2026-08-11T03:32:48.469Z,OPEN,False
Analis Data,2259e530-15b8-4bcf-ab27-41d11b10a08a,Data Analis,PT Plexus Distribusi Modern,,Indonesia,3,5,IDR,6000000,7000000,"Data analysis, Spreadsheet, Miscrosoft Ecxcel, Data Analytics, Power BI, Microsoft Excel, SQL",2026-07-15T08:17:53.587Z,OPEN,False
Analis Data,c4a6a6af-0b20-4ff4-8045-20217a379f80,Data Analis,Nusantara Sakti Group,,Indonesia,1,3,IDR,5000000,6250000,"Microsoft Excel, Statistics, Data Analysis",2026-08-07T02:32:16.19Z,OPEN,False
Analis Data,2bc1c492-2d54-4250-97a7-7e82723a8ad5,Data Analis,CV Enzo Group,,Indonesia,1,3,IDR,3000000,4000000,"Redis, Statistics, Data Visualization, Microsoft SQL Server, Tableau, Microsoft Excel, Python, Power BI, Data Analysis, SQL",2026-08-07T10:21:47.436Z,OPEN,False
Analis Data,5b00fe0b-8361-45ba-96a3-c172162fa27c,Data Analis,PT Agung Putra Niaga Mandiri,,Indonesia,1,3,IDR,3500000,5000000,"Redis, Data Visualization, Python, Microsoft Excel, Data Analysis, SQL, Microsoft SQL Server, Power BI, Organic Farming, Statistics, Agriculture, Tableau",2026-08-14T07:38:31.398Z,OPEN,False
Analis Data,8ef72676-a7ab-40b2-b7bb-b06fad34f6f2,Analis Data,PT NUSA JELITA LESTARI,,Indonesia,0,1,,,,"Microsoft Excel, Data Visualization, Data Analysis, Google Sheets, Statistics",2026-07-04T04:07:42.091Z,OPEN,False
Analis Data,c86ceecc-4f38-4dfe-86c8-7604fe2599b2,Data Analis,PT. Iekimtie Jaya Agung,,Indonesia,1,3,IDR,4500000,5200000,"Tableau, Redis, Python, Microsoft SQL Server, Microsoft Excel, Power BI, Statistics, Data Visualization, SQL, Data Analysis",2026-07-03T06:31:47.341Z,OPEN,False
Analis Data,4699e482-21b8-45d8-85f0-bc131345e4bb,Data Analis,PT. SPEND GROUP INTERNATIONAL,,Indonesia,0,50,,,,"Python, SQL, Microsoft SQL Server, Statistics, Data Analysis, Microsoft Excel",2026-08-10T02:29:03.264Z,OPEN,False
Analis Data,9754a8e0-5bd2-4f91-a318-5bd9d85a783b,Data Analis,PT Inti Nya Group,,Indonesia,0,1,IDR,4500000,6000000,"Teamwork, Analytical Skills, Market Research, Data Analytics, Attention to Detail",2026-08-04T05:26:21.1Z,OPEN,False
Analis Data,47e3bf7d-0215-46c7-8093-a562205bb476,Data Analis,CV Anugerah Pratama,,Indonesia,1,3,IDR,2900000,3200000,"Microsoft Excel, Statistics, Data Analysis",2026-07-31T03:09:46.26Z,OPEN,False
Analis Data,ab189036-8103-49a0-9aa5-77853997e61a,Data Analis,PT Tiga Global Sejahtera,,Indonesia,3,5,IDR,6000000,9000000,"Data Analysis, SQL, Microsoft Excel, Power BI, Tableau, Data Visualization",2026-03-30T06:54:31.625Z,OPEN,False
Analis Data,3cfe098c-b356-47d4-a633-6508f3c1a766,Data Analis,Rumah Sakit Izza Cikampek,,Indonesia,1,3,IDR,2000000,3000000,"Data Visualization, Data Analysis, SQL, Microsoft SQL Server, Tableau, Python, Microsoft Excel, Redis, Power BI, Statistics",2026-08-14T04:43:01.964Z,OPEN,False
Analis Data,d1c660e9-8087-4332-a1b7-4854de13abde,Analis Data Digital,KULINER MERAH PUTIH,,Indonesia,0,1,,,,"Software Technical Support, Statistics, Data Visualization, Data Analysis",2026-08-05T03:21:10.392Z,OPEN,False
Analis Data,6012d28c-4ce7-4cc0-86f9-95392d77cc0e,Data Analis FnB,Terve Chocolate,,Indonesia,1,3,IDR,3000000,5000000,"Data Analysis, Data analysis, Microsoft Excel, Mathematics, Quantitative Research, Data Analytics, Teamwork, Communicative, Statistics",2026-08-18T09:24:44.067Z,OPEN,False
Analis Data,23678c8f-dffa-4837-b8df-5b8d7fd33b37,Admin Data Analis,PT. BATANG ALUM INDUSTRIE,,Indonesia,1,3,IDR,4000000,4500000,"Microsoft Excel, Redis, Data Analysis, Data Visualization, Statistics, SQL, Power BI",2026-08-18T06:52:24.095Z,OPEN,False
Analis Data,cef9fd77-fcf0-4875-a774-8c06ef343209,Staff Data Analis,PT Leuwijaya Utama Textile,,Indonesia,1,3,IDR,4700000,5000000,"SQL, Python, Microsoft SQL Server, Data Visualization, Data Analysis, Power BI, Microsoft Excel",2026-08-10T04:51:33.326Z,OPEN,False
Analis Data,ed4f6baf-f10d-441d-90fb-c43c22ba8e02,Analis Data (PENGELOLA DATA BARANG),Kartika Accessories,,Indonesia,1,3,IDR,2500000,3000000,"Microsoft Office, Data Analytics, Time Management, Teamwork",2026-08-05T04:17:06.568Z,OPEN,False
Analis Data,5f605d55-c707-4140-a9f2-a0f91a48ebee,ADMIN AFFILIATE & ANALIS DATA,PT. SHOLEH KREATIF MARKETING,,Indonesia,1,3,IDR,2000000,2500000,"Organizational Skills, Google Sheets, Google Docs, Administration, Customer Service, Office Administration, Microsoft Outlook, Microsoft Excel, Data Entry, Microsoft Office",2026-07-27T03:06:05.728Z,OPEN,False
Analis Data,6e8e85b0-57c5-4a69-a472-8c87f38497a6,Data Analis & IT Support,Kanda Fabrics,,Indonesia,1,3,IDR,4500000,5000000,"IT Support, SQL, Data Analysis, Microsoft Excel, Oracle ERP, ERP Software",2026-05-22T07:45:01.287Z,OPEN,False
Analis Data,e5882351-88c8-41af-9798-a6567f0da788,Admin Data Analis Promotion,PT. Sakti Pangan Perkasa,,Indonesia,1,3,IDR,2600000,3000000,"Statistics, Mathematics, Microsoft Excel, Data Analysis",2026-08-08T05:15:30.164Z,OPEN,False
Analis Data,74f09879-6ee3-40d7-a7e8-828bfcb515de,Analis Data Digital Online Store Trainee,KULINER MERAH PUTIH,,Indonesia,0,1,,,,"Data Visualization, Data Monitoring, Statistics, Software Technical Support, Data Analysis",2026-08-08T09:50:27.775Z,OPEN,False
Analis Data,0d397a43-7199-4fca-972b-b1766b316f33,Analis Keuangan,PT Hijau Asia Sejahtera,,Indonesia,1,3,IDR,4850000,7275000,"Data Visualization, Microsoft Excel, Tableau, Statistics, Microsoft SQL Server, Power BI, Python, SQL, Redis, Data Analysis",2026-08-06T06:15:56.567Z,OPEN,False
Analis Data,ae436a76-f00b-41c0-8c52-aaac30c9db4e,Analis Kimia,CV Saprotan Utama,,Indonesia,0,1,IDR,3000000,3100000,"Chemical Analysis, Chemical Testing, Laboratory Skills, Laboratory Department, Chemical Engineering",2026-06-25T02:47:51.507Z,OPEN,False
Analis Data,e8ff5269-a227-49ed-92ba-3362d2505e3e,Analis Kredit,PT BPR Karinamas Permai,,Indonesia,1,3,,,,"Analytical Skills, Credit Analysis, Credit Risk, Financial Analysis",2026-04-22T08:50:37.226Z,OPEN,False
Analis Data,73b0f2fe-0e8b-48b7-b601-51fa20284787,Analis Laboratorium,Nuswantoro Manunggal Jati,,Indonesia,1,3,IDR,3000000,,"Laboratory Safety, Sampling, Sample Preparation, Laboratory Department, Research and Development (R&D), Laboratory Testing, Laboratory Skills, Laboratory Management, Chemical Analysis, Chemical Testing",2026-08-04T02:35:23.381Z,OPEN,False
Analis Data,427c7081-81b2-43f6-a31d-82d0c42af3c1,Analis Bisnis,Mitra Langgeng Sejati,,Indonesia,1,3,IDR,5700000,6500000,"SQL, Project Management, Business Intelligence, Stakeholder Management, Business Analysis, Data Analysis, Microsoft Office, Requirements Analysis, Teamwork, Process Improvement",2026-08-06T07:57:27.653Z,OPEN,False
Analis Data,daffc71b-e219-468e-a0d3-73a5536459d0,Analis Laboratorium,PT Bisa Mandiri Strategi Investasi,,Indonesia,1,3,,,,"Laboratory Skills, Research and Development (R&D), Laboratory Testing, Microbiological Testing, Chemical Testing, Sample Preparation, Chemical Analysis, Laboratory Department, Research Skills, Sampling, Laboratory Management, Waste Management, Laboratory Safety",2026-08-06T02:01:05.506Z,OPEN,False
Analis Data,04faa7b9-08bf-4e51-a0df-537403404a18,Analis Laboratorium,PT HAVINDO PAKAN OPTIMA,,Indonesia,1,3,,,,"Chemical Analysis, Research and Development (R&D), Sampling, Chemical Testing, Laboratory Testing, Laboratory Department, Laboratory Skills, Laboratory Safety, Sample Preparation, Laboratory Management",2026-07-24T01:36:52.006Z,OPEN,False
Analis Data,77ce5f5c-b0c5-4517-9452-323c8367d10b,Analis kimia,PT KORIN LIVING ARTS,,Indonesia,0,1,IDR,3000000,3500000,"Laboratory Skills, General K3, Chemical Testing, Chemical Analysis, Microsoft Office, Teamwork",2026-08-11T03:32:48.469Z,OPEN,False
Analis Data,090cf5e7-c6bf-4ddb-b865-4d4fff3b1071,Analis Kredit,PT. BPR Tata Karya Indonesia,,Indonesia,1,3,IDR,3000000,4500000,"Microsoft Office, Teamwork, Microsoft Excel, Banking",2026-08-03T01:30:16.783Z,OPEN,False
Analis Data,ae0ca3c3-1344-43c2-aae3-d60fded49b96,Analis IPC,PT. Darya Multikor Indonesia,,Indonesia,0,1,IDR,2200000,2400000,"Laboratory Safety, Chemical Testing, Laboratory Testing, Sampling, Sample Preparation, Chemical Analysis, In-Process Quality Control (IPQC), Microsoft Office",2026-08-14T03:13:29.551Z,OPEN,False
